{
    "openapi": "3.0.1",
    "info": {
        "title": "OpenAPI definition",
        "version": "v0"
    },
    "servers": [
        {
            "url": "http://localhost:8080",
            "description": "Generated server url"
        }
    ],
    "paths": {
        "/cycles/restock/{id}": {
            "get": {
                "tags": [
                    "cycle-controller"
                ],
                "operationId": "restock",
                "parameters": [
                    {
                        "name": "id",
                        "in": "path",
                        "required": true,
                        "schema": {
                            "type": "integer",
                            "format": "int32"
                        }
                    },
                    {
                        "name": "qty",
                        "in": "query",
                        "required": false,
                        "schema": {
                            "type": "integer",
                            "format": "int32",
                            "default": 1
                        }
                    }
                ],
                "responses": {
                    "200": {
                        "description": "OK",
                        "content": {
                            "*/*": {
                                "schema": {
                                    "type": "array",
                                    "items": {
                                        "$ref": "#/components/schemas/Brand"
                                    }
                                }
                            }
                        }
                    }
                }
            }
        },
        "/cycles/list": {
            "get": {
                "tags": [
                    "cycle-controller"
                ],
                "operationId": "listAll",
                "responses": {
                    "200": {
                        "description": "OK",
                        "content": {
                            "*/*": {
                                "schema": {
                                    "type": "array",
                                    "items": {
                                        "$ref": "#/components/schemas/Brand"
                                    }
                                }
                            }
                        }
                    }
                }
            }
        },
        "/cycles/borrow/{id}": {
            "get": {
                "tags": [
                    "cycle-controller"
                ],
                "operationId": "borrow",
                "parameters": [
                    {
                        "name": "id",
                        "in": "path",
                        "required": true,
                        "schema": {
                            "type": "integer",
                            "format": "int32"
                        }
                    }
                ],
                "responses": {
                    "200": {
                        "description": "OK",
                        "content": {
                            "*/*": {
                                "schema": {
                                    "type": "array",
                                    "items": {
                                        "$ref": "#/components/schemas/Brand"
                                    }
                                }
                            }
                        }
                    }
                }
            }
        }
    },
    "components": {
        "schemas": {
            "Brand": {
                "type": "object",
                "properties": {
                    "id": {
                        "type": "integer",
                        "format": "int32"
                    },
                    "name": {
                        "type": "string"
                    },
                    "stock": {
                        "type": "integer",
                        "format": "int32"
                    }
                }
            }
        }
    }
}